episode_id,air_date,episode_number,season,era,host,guest_host,theme,special_notes,source_citations
HBB-1987-056,1987-02-25,1,1987-1988,Classic MTV,Dee Snider,,,Full 3-hour show with commercials,evilash22.tripod.com
HBB-1987-085,1987-03-26,2,1987-1988,Classic MTV,Kevin Seal,Great White,,86 minutes,keirsdvds.blogspot.com
HBB-1987-001,1987-04-18,3,1987-1988,Classic MTV,Kevin Seal,Lemmy Kilmister & Phil Taylor (Motorhead),,Inaugural episode featuring Iron Maiden & Van Halen; First episode co-hosted by Motorhead members,episodehive.com; ultimateclassicrock.com
HBB-1987-113,1987-04-23,4,1987-1988,Classic MTV,,,,"Week after premiere, before Leslie West (04-25)",estimated from weekly schedule
HBB-1987-008,1987-04-25,5,1987-1988,Classic MTV,Leslie West,Howard Stern,,Leslie West hosted with Howard Stern; 119:48 runtime,keirsdvds.blogspot.com
HBB-1987-120,1987-04-30,6,1987-1988,Classic MTV,,,,Episode at end of first month,estimated from weekly schedule
HBB-1987-015,1987-05-02,7,1987-1988,Classic MTV,Ozzy Osbourne,Autograph,,Ozzy hosted with Autograph; Multiple versions exist,keirsdvds.blogspot.com
HBB-1987-127,1987-05-07,8,1987-1988,Classic MTV,Kevin Seal,,,Episode between Ozzy (05-02) and Metal Church (05-16),metal-video-collector.blogspot.com
HBB-1987-020,1987-05-09,9,1987-1988,Classic MTV,Kevin Seal,,,"Featured Twisted Sister, Deep Purple, and Savatage",tv.com; web search
HBB-1987-133,1987-05-13,10,1987-1988,Classic MTV,,,,Episode between Metal Church (05-16) and Wendy O (05-23),metal-video-collector.blogspot.com
HBB-1987-027,1987-05-16,11,1987-1988,Classic MTV,Craig Wells & Kirk Arrington (Metal Church),,,Metal Church members hosted; Host segments only preserved,keirsdvds.blogspot.com
HBB-1987-034,1987-05-23,12,1987-1988,Classic MTV,Wendy O Williams,,,Wendy O Williams hosted; 115 minutes runtime,keirsdvds.blogspot.com
HBB-1987-148,1987-05-28,13,1987-1988,Classic MTV,,,,Episode between Wendy O (05-23) and Megadeth (05-30),estimated from weekly schedule
HBB-1987-041,1987-05-30,14,1987-1988,Classic MTV,Megadeth,,,Megadeth hosted; Incomplete recording 90 minutes,keirsdvds.blogspot.com
HBB-1987-155,1987-06-04,15,1987-1988,Classic MTV,,,,"Episode after Megadeth (05-30), before Anthrax (06-13)",estimated from weekly schedule
HBB-1987-157,1987-06-06,16,1987-1988,Classic MTV,,,,Episode between Megadeth and Anthrax,thetvdb.com
HBB-1987-162,1987-06-11,17,1987-1988,Classic MTV,,,,Episode between Megadeth and Anthrax (06-13),estimated from weekly schedule
HBB-1987-057,1987-06-13,18,1987-1988,Classic MTV,Anthrax,,,Anthrax hosted; Host segments and video only,keirsdvds.blogspot.com
HBB-1987-169,1987-06-19,19,1987-1988,Classic MTV,,,,Episode between Anthrax (06-13) and Ace Frehley (06-28),estimated from weekly schedule
HBB-1987-064,1987-06-20,20,1987-1988,Classic MTV,Rob Halford (Judas Priest),Mike Dwarf & Russ Dwarf (Killer Dwarfs),,Judas Priest hosted episode,plex.tv; web search
HBB-1987-071,1987-06-27,21,1987-1988,Classic MTV,Frehley's Comet,,,Band-hosted episode,web search
HBB-1987-179,1987-06-28,22,1987-1988,Classic MTV,Ace Frehley,Helloween,,118 minutes,metal-video-collector.blogspot.com
HBB-1987-185,1987-07-03,23,1987-1988,Classic MTV,,,,Episode day before July 4 Downtown Julie Brown episode,estimated from weekly schedule
HBB-1987-078,1987-07-04,24,1987-1988,Classic MTV,Downtown Julie Brown,,,July 4th episode hosted by MTV VJ Downtown Julie Brown,web search
HBB-1987-192,1987-07-11,25,1987-1988,Classic MTV,,,,Episode between July 4 and July 25,thetvdb.com
HBB-1987-199,1987-07-18,26,1987-1988,Classic MTV,,,,Episode between July 11 and July 25,thetvdb.com
HBB-1987-092,1987-07-25,27,1987-1988,Classic MTV,Dee Snider,,,Dee Snider (Twisted Sister) hosted,keirsdvds.blogspot.com
HBB-1987-213,1987-08-01,28,1987-1988,Classic MTV,Kevin Seal,Manowar,,Kevin Seal with Manowar,thetvdb.com
HBB-1987-206,1987-08-07,29,1987-1988,Classic MTV,,,,Episode between Aug 1 Manowar and Aug 8 Dio,estimated from weekly schedule
HBB-1987-211,1987-08-08,30,1987-1988,Classic MTV,Ronnie James Dio,Ron Keel,,Ronnie James Dio hosted with Ron Keel; Multiple versions exist,keirsdvds.blogspot.com
HBB-1987-218,1987-08-15,31,1987-1988,Classic MTV,King Diamond,,,King Diamond hosted; 113:16 runtime (different from Sept 5 episode),keirsdvds.blogspot.com
HBB-1987-235,1987-08-22,32,1987-1988,Classic MTV,Kevin Seal,Jack Russell & Michael Lardie (Great White),,Archived on archive.org,archive.org
HBB-1987-242,1987-08-29,33,1987-1988,Classic MTV,Blackie Lawless (W.A.S.P.),,,Blackie Lawless of W.A.S.P. hosted,keirsdvds.blogspot.com
HBB-1987-249,1987-09-05,34,1987-1988,Classic MTV,King Diamond,,,"Two-hour special hosted by King Diamond; Featured 24 music videos including Great White, Ozzy, Aerosmith, Def Leppard, KISS, Motorhead, Twisted Sister, Dio, Iron Maiden, Guns N' Roses, Motley Crue",archive.org
HBB-1987-248,1987-09-05,35,1987-1988,Classic MTV,King Diamond,,,King Diamond episode (different from 09-05 archived version),thetvdb.com
HBB-1987-256,1987-09-12,36,1987-1988,Classic MTV,Grim Reaper,,,"Grim Reaper hosted; Featured Kiss ""Crazy Nights"" world premiere; 112 minutes",archive.org; keirsdvds.blogspot.com
HBB-1987-262,1987-09-19,37,1987-1988,Classic MTV,,,,Episode between Grim Reaper (09-12) and Lizzy Borden (09-26),thetvdb.com
HBB-1987-270,1987-09-26,38,1987-1988,Classic MTV,Lizzy Borden & Lips (Anvil),,,Co-hosted by Lizzy Borden and Lips from Anvil; Multiple incomplete versions,keirsdvds.blogspot.com
HBB-1987-276,1987-10-03,39,1987-1988,Classic MTV,,Motley Crue,Motley Cruise To Nowhere,73 minutes; Cruise special,metal-video-collector.blogspot.com
HBB-1987-284,1987-10-10,40,1987-1988,Classic MTV,Kane Roberts,,,Kane Roberts hosted; 91:48 runtime,keirsdvds.blogspot.com
HBB-1987-291,1987-10-17,41,1987-1988,Classic MTV,Doro Pesch,,,Doro Pesch (Warlock) hosted; 111 minutes,keirsdvds.blogspot.com
HBB-1987-297,1987-10-24,42,1987-1988,Classic MTV,Smash,Guns N' Roses,,Special guest hosts Guns N' Roses,archive.org
HBB-1987-331,1987-10-31,43,1987-1988,Classic MTV,Kevin Seal,,Halloween Special,"Featured concert footage of Helloween, Armored Saint, and Grim Reaper",web search results
HBB-1987-304,1987-10-31,44,1987-1988,Classic MTV,"Helloween, Armored Saint, Grim Reaper",,Halloween Concert Special,Concert only; 98 minutes,keirsdvds.blogspot.com
HBB-1987-312,1987-11-07,45,1987-1988,Classic MTV,Kevin Seal,Lemmy & Wurzel (Motorhead),,Kevin Seal with Motorhead members Lemmy and Wurzel,keirsdvds.blogspot.com
HBB-1987-318,1987-11-14,46,1987-1988,Classic MTV,,,,Episode between Motorhead (11-07) and Savatage (11-21),thetvdb.com
HBB-1987-326,1987-11-21,47,1987-1988,Classic MTV,Savatage,,,Savatage hosted; Incomplete 1 hour recording,keirsdvds.blogspot.com
HBB-1987-332,1987-11-28,48,1987-1988,Classic MTV,,,,Episode between Savatage (11-21) and MSG (12-05),thetvdb.com
HBB-1987-339,1987-12-05,49,1987-1988,Classic MTV,Unknown,Robin McCauley & Michael Schenker (McCauley Schenker Group),,Hosted by MSG members,archive.org
HBB-1987-346,1987-12-12,50,1987-1988,Classic MTV,Kevin Seal,White Lion,,Kevin Seal hosted with White Lion,keirsdvds.blogspot.com
HBB-1987-353,1987-12-19,51,1987-1988,Classic MTV,Kevin Seal,"Ozzy Osbourne, Zakk Wylde",,Kevin Seal with Ozzy & Zakk Wylde,thetvdb.com
HBB-1987-360,1987-12-26,52,1987-1988,Classic MTV,,,Holiday Episode,Holiday week episode,thetvdb.com
HBB-1988-010,1988-01-09,53,1987-1988,Classic MTV,Ron Keel,,,"Ron Keel hosted; 95 minutes, bonus version 120:52",keirsdvds.blogspot.com
HBB-1988-016,1988-01-16,54,1987-1988,Classic MTV,,,,Episode between Ron Keel (01-09) and Kevin Seal (01-30),estimated from weekly schedule
HBB-1988-023,1988-01-23,55,1987-1988,Classic MTV,,,,Episode between Ron Keel (01-09) and Ron Keel (01-25),estimated from weekly schedule
HBB-1988-025,1988-01-25,56,1987-1988,Classic MTV,Ron Keel,,,Full 3-hour show with commercials,evilash22.tripod.com
HBB-1988-031,1988-01-30,57,1987-1988,Classic MTV,Kevin Seal,,,Kevin Seal hosted,keirsdvds.blogspot.com
HBB-1988-030,1988-01-30,58,1987-1988,Classic MTV,Kevin Seal,,,173 minutes; 352x480 resolution,metal-video-collector.blogspot.com
HBB-1988-038,1988-02-06,59,1987-1988,Classic MTV,Anthrax,,,Anthrax hosted; Incomplete 90 minutes,keirsdvds.blogspot.com
HBB-1988-037,1988-02-06,60,1987-1988,Classic MTV,Kevin Seal,,,173 minutes; 352x480 resolution,metal-video-collector.blogspot.com
HBB-1988-045,1988-02-13,61,1987-1988,Classic MTV,Lita Ford,,,Lita Ford hosted,keirsdvds.blogspot.com
HBB-1988-044,1988-02-13,62,1987-1988,Classic MTV,Anthrax,,,93 minutes,metal-video-collector.blogspot.com
HBB-1988-052,1988-02-20,63,1987-1988,Classic MTV,Kevin Seal,,,Kevin Seal hosted; Incomplete 122 minutes,keirsdvds.blogspot.com
HBB-1988-051,1988-02-20,64,1987-1988,Classic MTV,Lita Ford,,,118 minutes,metal-video-collector.blogspot.com
HBB-1988-058,1988-02-27,65,1987-1988,Classic MTV,Kevin Seal,,,122 minutes,metal-video-collector.blogspot.com
HBB-1988-066,1988-03-05,66,1987-1988,Classic MTV,DIO,,MTV Concert Special,"DIO MTV concert from San Antonio, TX",keirsdvds.blogspot.com
HBB-1988-087,1988-03-26,67,1987-1988,Classic MTV,Kevin Seal,L.A. Guns,,Kevin Seal with L.A. Guns; 129:35,keirsdvds.blogspot.com
HBB-1988-093,1988-04-02,68,1987-1988,Classic MTV,,,,Episode between L.A. Guns (03-26) and Zodiac Mindwarp (04-23),estimated from weekly schedule
HBB-1988-100,1988-04-09,69,1987-1988,Classic MTV,,,,Episode in April gap,estimated from weekly schedule
HBB-1988-107,1988-04-16,70,1987-1988,Classic MTV,,,,Episode in April gap before Zodiac (04-23),estimated from weekly schedule
HBB-1988-115,1988-04-23,71,1987-1988,Classic MTV,Zodiac Mindwarp,,,Zodiac Mindwarp hosted; 3 DVDs,keirsdvds.blogspot.com
HBB-1988-120,1988-04-30,72,1987-1988,Classic MTV,,,,Episode at end of April,thetvdb.com
HBB-1988-129,1988-05-07,73,1988-1989,Classic MTV,Bruce Dickinson,,,Bruce Dickinson (Iron Maiden) hosted; 118 minutes,keirsdvds.blogspot.com
HBB-1988-134,1988-05-14,74,1988-1989,Classic MTV,Guns N' Roses,,,117 minutes; GUNS N' ROSES HOST! Two DVD XP Mode,metal-video-collector.blogspot.com
HBB-1988-141,1988-05-21,75,1988-1989,Classic MTV,,,,Episode between Guns N' Roses (05-14) and Adam Curry Rock Blocks (05-28),thetvdb.com
HBB-1988-150,1988-05-28,76,1988-1989,Classic MTV,Adam Curry,,Rock Blocks,Adam Curry hosts Rock Blocks; 3 DVDs,keirsdvds.blogspot.com
HBB-1988-155,1988-06-04,77,1988-1989,Classic MTV,,,,Episode between May and Sam Kinison (06-11),thetvdb.com
HBB-1988-164,1988-06-11,78,1988-1989,Classic MTV,Sam Kinison,,,Sam Kinison hosted; 160 minutes,keirsdvds.blogspot.com
HBB-1988-169,1988-06-18,79,1988-1989,Classic MTV,Mark Goodman,"Dave Mustaine, Jeff Young (Megadeth)",,Mark Goodman with Megadeth members,thetvdb.com
HBB-1988-178,1988-06-25,80,1988-1989,Classic MTV,Frehley's Comet,,,Frehley's Comet hosted,keirsdvds.blogspot.com
HBB-1988-183,1988-07-02,81,1988-1989,Classic MTV,Mark Goodman,,,Mark Goodman hosted,thetvdb.com
HBB-1988-192,1988-07-09,82,1988-1989,Classic MTV,Adam Curry,Joe Satriani,,Adam Curry with Joe Satriani; 162:29,keirsdvds.blogspot.com
HBB-1988-197,1988-07-16,83,1988-1989,Classic MTV,Adam Curry,,,Adam Curry episode between Joe Satriani (07-09) and Vinnie Vincent (07-23),thetvdb.com
HBB-1988-205,1988-07-23,84,1988-1989,Classic MTV,Vinnie Vincent,,,Vinnie Vincent hosted; 140:37,keirsdvds.blogspot.com
HBB-1988-212,1988-07-30,85,1988-1989,Classic MTV,Adam Curry,,,Adam Curry hosted; 178:44,keirsdvds.blogspot.com
HBB-1988-226,1988-08-13,86,1987-1988,Classic MTV,Adam Curry,,,Full episode archived,archive.org
HBB-1988-219,1988-08-13,87,1988-1989,Classic MTV,Rob Halford,,,Rob Halford (Judas Priest) hosted; 239:26,keirsdvds.blogspot.com
HBB-1988-233,1988-08-20,88,1988-1989,Classic MTV,Adam Curry,,,Full episode archived,archive.org
HBB-1988-232,1988-08-20,89,1988-1989,Classic MTV,Adam Curry,,,180:07; Partial Freddy Krueger preceding; Also exists as 200:55 with bonus MTV clips,keirsdvds.blogspot.com
HBB-1988-237,1988-08-25,90,1988-1989,Classic MTV,Adam Curry,Frehley's Comet,,Full 3-hour show with commercials,evilash22.tripod.com
HBB-1988-227,1988-08-27,91,1988-1989,Classic MTV,Adam Curry,,Megaforce 5th Anniversary,Megaforce Records 5th Anniversary special; 179 minutes,keirsdvds.blogspot.com
HBB-1988-247,1988-09-03,92,1988-1989,Classic MTV,Adam Curry,Axl Rose & Slash (Guns N' Roses),,Special guest hosts from Guns N' Roses,archive.org
HBB-1988-246,1988-09-03,93,1988-1989,Classic MTV,Axl Rose & Slash (Guns N' Roses),,,LEGENDARY EPISODE! Guns N' Roses at their peak,keirsdvds.blogspot.com; archive.org
HBB-1988-253,1988-09-10,94,1988-1989,Classic MTV,Scorpions,,On The Road,113 minutes,metal-video-collector.blogspot.com
HBB-1988-241,1988-09-17,95,1988-1989,Classic MTV,Adam Curry,"L.A. Guns, Lizzy Borden, Nuclear Assault",,"Adam Curry with L.A. Guns, Lizzy Borden, Nuclear Assault",keirsdvds.blogspot.com
HBB-1988-267,1988-09-24,96,1988-1989,Classic MTV,Adam Curry,,Metal Blocks,178 minutes; Three DVD XP Mode,metal-video-collector.blogspot.com
HBB-1988-283,1988-10-08,97,1988-1989,Classic MTV,Adam Curry,,Foundations Forum/Rip Party,Foundations Forum and Rip Magazine party; 3 hours,keirsdvds.blogspot.com
HBB-1988-289,1988-10-15,98,1988-1989,Classic MTV,Adam Curry,Yngwie J. Malmsteen,,Special guest host Yngwie Malmsteen,archive.org
HBB-1988-288,1988-10-15,99,1988-1989,Classic MTV,Yngwie Malmsteen,,,First 2 hours only,keirsdvds.blogspot.com
HBB-1988-297,1988-10-31,100,1988-1989,Classic MTV,Sam Kinison,,Halloween Special,Sam Kinison Halloween Special; Incomplete 80 minutes,keirsdvds.blogspot.com
HBB-1988-337,1988-12-03,101,1988-1989,Classic MTV,Adam Curry,"Testament, Jetboy",,122 minutes,metal-video-collector.blogspot.com
HBB-1988-344,1988-12-10,102,1988-1989,Classic MTV,Adam Curry,Chris Impellitteri,,166 minutes; 352x480 resolution,metal-video-collector.blogspot.com
HBB-1988-089,1988-12-24,103,1987-1988,Classic MTV,Adam Curry,Ozzy Osbourne & Zakk Wylde,Christmas Special,Special holiday episode,episodehive.com
HBB-1988-358,1988-12-24,104,1988-1989,Classic MTV,Ozzy Osbourne & Zakk Wylde,Adam Curry,Headbangers Christmas,Christmas special! 157:03; Also exists as 4-hour version with Adam Curry following hour,keirsdvds.blogspot.com
HBB-1989-008,1989-01-07,105,1988-1989,Classic MTV,Adam Curry,,Best Of 88,Best of 1988 compilation; 177 minutes,keirsdvds.blogspot.com
HBB-1989-015,1989-01-14,106,1988-1989,Classic MTV,Kix,,,Kix band hosted; 179 minutes,keirsdvds.blogspot.com
HBB-1989-018,1989-01-18,107,1988-1989,Classic MTV,,Queensr√øche,,Full 3-hour show with commercials,evilash22.tripod.com
HBB-1989-021,1989-01-21,108,1988-1989,Classic MTV,,,,Episode between Queensryche (01-18) and Bullet Boys (01-28),estimated from weekly schedule
HBB-1989-029,1989-01-28,109,1988-1989,Classic MTV,Bullet Boys,,,Bullet Boys hosted,keirsdvds.blogspot.com
HBB-1989-036,1989-02-04,110,1988-1989,Classic MTV,Anthrax,,In the Studio,Anthrax: In the Studio; 179 minutes,keirsdvds.blogspot.com
HBB-1989-041,1989-02-10,111,1988-1989,Classic MTV,Riki Rachtman,"Alice In Chains, Sepultura",,"DVD quality - 26 rare videos, no commercials; Early Riki appearance!",evilash22.tripod.com
HBB-1989-043,1989-02-11,112,1988-1989,Classic MTV,Adam Curry,Danzig,,Adam Curry with Danzig; 3 hours,keirsdvds.blogspot.com
HBB-1989-050,1989-02-18,113,1988-1989,Classic MTV,Queensryche,,,Queensryche hosted; 148 minutes,keirsdvds.blogspot.com
HBB-1989-057,1989-02-25,114,1988-1989,Classic MTV,Adam Curry,,Rock Blocks Edition,Rock Blocks special; 3 hours,keirsdvds.blogspot.com
HBB-1989-071,1989-03-11,115,1988-1989,Classic MTV,Adam Curry,Lita Ford,,Lita Ford concert; 179 minutes,keirsdvds.blogspot.com
HBB-1989-074,1989-03-15,116,1988-1989,Classic MTV,Riki Rachtman,"XYZ, Icon",,Full 3-hour show with commercials; Early Riki appearance,evilash22.tripod.com
HBB-1989-078,1989-03-18,117,1988-1989,Classic MTV,Adam Curry,Ace Frehley & Skid Row,,With Ace Frehley and Skid Row; 3 hours,keirsdvds.blogspot.com
HBB-1989-085,1989-03-25,118,1988-1989,Classic MTV,Adam Curry,Exodus & Celtic Frost,,With Exodus and Celtic Frost; 3 hours,keirsdvds.blogspot.com
HBB-1989-092,1989-04-01,119,1988-1989,Classic MTV,Adam Curry,"Kingdom Come, Warrant, Extreme",,"With Kingdom Come, Warrant, Extreme; 2.5 hours",keirsdvds.blogspot.com
HBB-1989-099,1989-04-08,120,1988-1989,Classic MTV,Adam Curry,,Great White Party,Great White Party special,keirsdvds.blogspot.com
HBB-1989-106,1989-04-15,121,1989-1990,Classic MTV,Ratt,Kix,,Ratt with Kix; 3 hours,keirsdvds.blogspot.com
HBB-1989-105,1989-04-15,122,1989-1990,Classic MTV,Riki Rachtman,,The L.A. Report,Full 3-hour show; Early Riki episode,evilash22.tripod.com
HBB-1989-113,1989-04-22,123,1989-1990,Classic MTV,Adam Curry & Downtown Julie Brown,W.A.S.P. & M.O.D.,,Co-hosted with Downtown Julie Brown; W.A.S.P. and M.O.D.; 3 hours,keirsdvds.blogspot.com
HBB-1989-120,1989-04-29,124,1989-1990,Classic MTV,Adam Curry,Riki Rachtman,,With Riki Rachtman's LA scene report; 3 hours,keirsdvds.blogspot.com
HBB-1989-119,1989-04-29,125,1989-1990,Classic MTV,Riki Rachtman,,The L.A. Report,Full 3-hour show,evilash22.tripod.com
HBB-1989-127,1989-05-06,126,1989-1990,Classic MTV,Tony Iommi & Cozy Powell,,,Black Sabbath members hosted,keirsdvds.blogspot.com
HBB-1989-126,1989-05-06,127,1989-1990,Classic MTV,Adam Curry,Black Sabbath,,Full 3-hour show with commercials,evilash22.tripod.com
HBB-1989-133,1989-05-13,128,1989-1990,Classic MTV,Adam Curry,"Metal Church, Exodus",,179 minutes; Three DVD XP Mode,metal-video-collector.blogspot.com
HBB-1989-110,1989-05-27,129,1988-1989,Classic MTV,Adam Curry,Lonn Friend & Scott Ian,Rock Block Edition,Special format episode,episodehive.com
HBB-1989-147,1989-05-27,130,1989-1990,Classic MTV,Adam Curry,"Lonn Friend, Scott Ian",Rock Blocks,180 minutes; Lonn Friend & Scott Ian Rock Blocks; 352x480,metal-video-collector.blogspot.com
HBB-1989-152,1989-06-01,131,1989-1990,Classic MTV,Riki Rachtman,"Slayer, Megadeth, Alice In Chains",,"DVD quality - 23 rare videos, no commercials; EPIC lineup!",evilash22.tripod.com
HBB-1989-162,1989-06-10,132,1989-1990,Classic MTV,Adam Curry,,,,keirsdvds.blogspot.com
HBB-1989-190,1989-07-08,133,1989-1990,Classic MTV,Adam Curry,,,200:59 with bonus clips,keirsdvds.blogspot.com
HBB-1989-189,1989-07-08,134,1989-1990,Classic MTV,Adam Curry,,Hit Parader's Heavy Metal Meltdown,201 minutes; From Metal Video Collector list,metal-video-collector.blogspot.com
HBB-1989-197,1989-07-15,135,1989-1990,Classic MTV,Adam Curry,Nitro,,With Nitro; 3 hours,keirsdvds.blogspot.com
HBB-1989-211,1989-07-29,136,1989-1990,Classic MTV,Alice Cooper,,,Alice Cooper promoting Trash album; 2 hours,keirsdvds.blogspot.com
HBB-1989-218,1989-08-05,137,1989-1990,Classic MTV,Adam Curry,,,175:11 complete,keirsdvds.blogspot.com
HBB-1989-217,1989-08-05,138,1989-1990,Classic MTV,Adam Curry,GWAR,,180 minutes; With GWAR; 352x480,metal-video-collector.blogspot.com
HBB-1989-225,1989-08-12,139,1989-1990,Classic MTV,Adam Curry,,Moscow Music Peace Festival,Historic Moscow Music Peace Festival coverage; 178 minutes,keirsdvds.blogspot.com
HBB-1989-232,1989-08-19,140,1989-1990,Classic MTV,Adam Curry,Steve Stevens,,With Steve Stevens (Atomic Playboys); 178:08,keirsdvds.blogspot.com
HBB-1989-239,1989-08-26,141,1989-1990,Classic MTV,Bonham,,,Bonham hosted,keirsdvds.blogspot.com
HBB-1989-253,1989-09-09,142,1989-1990,Classic MTV,Adam Curry,Dirty Looks & Kreator,,With Dirty Looks and Kreator; 3 hours,keirsdvds.blogspot.com
HBB-1989-274,1989-09-30,143,1989-1990,Classic MTV,Adam Curry,Faster Pussycat,,With Faster Pussycat and forum highlights,keirsdvds.blogspot.com
HBB-1989-281,1989-10-07,144,1989-1990,Classic MTV,Adam Curry,Bang Tango,,With Bang Tango,keirsdvds.blogspot.com
HBB-1989-280,1989-10-07,145,1989-1990,Classic MTV,,Bang Tango,,Full 3-hour show with commercials,evilash22.tripod.com
HBB-1989-288,1989-10-14,146,1989-1990,Classic MTV,Adam Curry,Michael Monroe & Dangerous Toys,,With Michael Monroe and Dangerous Toys,keirsdvds.blogspot.com
HBB-1989-295,1989-10-21,147,1989-1990,Classic MTV,Queensryche,,,Queensryche hosted,keirsdvds.blogspot.com
HBB-1989-302,1989-10-28,148,1989-1990,Classic MTV,Adam Curry,"Wolfsbane, EZO, Vain",,"With Wolfsbane, EZO, and Vain",keirsdvds.blogspot.com
HBB-1989-305,1989-10-31,149,1989-1990,Classic MTV,Alice Cooper,,Halloween Special,Alice Cooper Halloween Special; 2 hours,keirsdvds.blogspot.com
HBB-1989-309,1989-11-04,150,1989-1990,Classic MTV,Adam Curry,Riki Rachtman,,Riki Rachtman at the Cathouse; 181 minutes,keirsdvds.blogspot.com
HBB-1989-316,1989-11-11,151,1989-1990,Classic MTV,Michael Monroe & Jon Sierra,,,Michael Monroe and Jon Sierra co-hosted; 3 hours,keirsdvds.blogspot.com
HBB-1989-323,1989-11-18,152,1989-1990,Classic MTV,Adam Curry,"Testament, Britny Fox, Overkill, Shotgun Messiah",,"With Testament, Britny Fox, Overkill, Shotgun Messiah; 3 hours",keirsdvds.blogspot.com
HBB-1989-337,1989-12-02,153,1989-1990,Classic MTV,Adam Curry,Pretty Boy Floyd,,With Pretty Boy Floyd,keirsdvds.blogspot.com
HBB-1989-344,1989-12-09,154,1989-1990,Classic MTV,Adam Curry,Fates Warning,80s Request Weekend,80s Request Weekend with Fates Warning; 2 hours,keirsdvds.blogspot.com
HBB-1989-363,1989-12-28,155,1988-1989,Classic MTV,Adam Curry,,End of Year Episode,Special end-of-year episode,archive.org
HBB-1989-364,1989-12-30,156,1988-1989,Classic MTV,Adam Curry,,Adam's Last Show,Final episode hosted by Adam Curry before Riki Rachtman took over,archive.org
HBB-1990-001,1990-01-01,157,1989-1990,Classic MTV,Riki Rachtman,Anthrax,,Riki's official first show as host; Full 3 hours with commercials,evilash22.tripod.com
HBB-1990-006,1990-01-06,158,1989-1990,Classic MTV,Riki Rachtman,Anthrax,,First show,keirsdvds.blogspot.com
HBB-1990-013,1990-01-13,159,1989-1990,Classic MTV,Riki Rachtman,MSG,,Incomplete; 128 minutes,keirsdvds.blogspot.com
HBB-1990-020,1990-01-20,160,1989-1990,Classic MTV,Riki Rachtman,,Crue Road Report,3 hours,keirsdvds.blogspot.com
HBB-1990-027,1990-01-27,161,1989-1990,Classic MTV,Riki Rachtman,,On The Road w/ Faith No More,45 minutes,keirsdvds.blogspot.com
HBB-1990-034,1990-02-03,162,1989-1990,Classic MTV,Riki Rachtman,"Gothic Slam, Britny Fox, Slaughter",,"Appearances by Gothic Slam, Britny Fox & Slaughter",thetvdb.com
HBB-1990-041,1990-02-10,163,1989-1990,Classic MTV,Riki Rachtman,"Great White, Havana Black",,Taped interviews with Great White & Havana Black,thetvdb.com
HBB-1990-048,1990-02-17,164,1989-1990,Classic MTV,Riki Rachtman,,,,thetvdb.com
HBB-1990-055,1990-02-24,165,1989-1990,Classic MTV,Riki Rachtman,"Babylon A.D., D.R.I.",,Featured Babylon A.D. and D.R.I.,thetvdb.com
HBB-1990-062,1990-03-03,166,1989-1990,Classic MTV,,Nuclear Assault,,,keirsdvds.blogspot.com
HBB-1990-069,1990-03-10,167,1989-1990,Classic MTV,Riki Rachtman,"XYZ, Icon",,XYZ & Icon performances,thetvdb.com
HBB-1990-076,1990-03-17,168,1989-1990,Classic MTV,Riki Rachtman,Bad Brains,,Bad Brains episode,thetvdb.com
HBB-1990-083,1990-03-24,169,1989-1990,Classic MTV,,Savatage,,,keirsdvds.blogspot.com
HBB-1990-090,1990-03-31,170,1989-1990,Classic MTV,Brian Wheat & Tommy Skeoch (Tesla),,,204 minutes,keirsdvds.blogspot.com
HBB-1990-097,1990-04-07,171,1990-1991,Classic MTV,Kiss,,,3 hours; Rating: A,keirsdvds.blogspot.com
HBB-1990-104,1990-04-14,172,1990-1991,Classic MTV,Riki Rachtman,Michael Monroe,Not Fakin' It In Japan,3 hours,keirsdvds.blogspot.com
HBB-1990-111,1990-04-21,173,1990-1991,Classic MTV,Michael Monroe,,In Japan,166:55,keirsdvds.blogspot.com
HBB-1990-118,1990-04-28,174,1990-1991,Classic MTV,Riki Rachtman,"Mike Muir (Suicidal Tendencies), Taime Downe",,Phone interviews with Mike Muir & Taime Downe,thetvdb.com
HBB-1990-122,1990-05-02,175,1990-1991,Classic MTV,Riki Rachtman,Megadeth,,Megadeth special promoting album,evilash22.tripod.com
HBB-1990-125,1990-05-05,176,1990-1991,Classic MTV,Riki Rachtman,"Love/Hate, Law And Order",,Full show,evilash22.tripod.com
HBB-1990-132,1990-05-12,177,1990-1991,Classic MTV,Riki Rachtman,"Kiss, Slaughter, Faster Pussycat",On The Road,3 hours,keirsdvds.blogspot.com
HBB-1990-139,1990-05-19,178,1989-1990,Classic MTV,Riki Rachtman,Motley Crue,Decade of Metal Marathon,"Riki's first episode! Special marathon with interviews with David Lee Roth, Steven Tyler, Alice Cooper; AC/DC live performances",archive.org
HBB-1990-146,1990-05-26,179,1990-1991,Classic MTV,Steve Vai,,,,keirsdvds.blogspot.com
HBB-1990-153,1990-06-02,180,1990-1991,Classic MTV,Lita Ford,,,Lita Ford hosted,thetvdb.com
HBB-1990-160,1990-06-09,181,1990-1991,Classic MTV,Riki Rachtman,"Prong, Bruce Dickinson",,,keirsdvds.blogspot.com
HBB-1990-147,1990-06-16,182,1989-1990,Classic MTV,Riki Rachtman,"Ozzy Osbourne, Babylon A.D., & Scatterbrain",Riki's Birthday,Riki Rachtman's birthday episode,archive.org
HBB-1990-167,1990-06-16,183,1990-1991,Classic MTV,Riki Rachtman,"Ozzy Osbourne, Scatterbrain, Babylon A.D.",,3 hours,keirsdvds.blogspot.com
HBB-1990-174,1990-06-23,184,1990-1991,Classic MTV,Poison,,,Poison hosted,thetvdb.com
HBB-1990-181,1990-06-30,185,1990-1991,Classic MTV,Death Angel,,,Death Angel hosted,thetvdb.com
HBB-1990-189,1990-07-07,186,1989-1990,Classic MTV,Riki Rachtman,,On The Road With Winger,Location shoot with Winger,archive.org
HBB-1990-188,1990-07-07,187,1990-1991,Classic MTV,Riki Rachtman,Winger,On The Road With Winger,,archive.org
HBB-1990-195,1990-07-14,188,1990-1991,Classic MTV,Riki Rachtman,"Warrior Soul, Spread Eagle, Heaven's Edge",,Full 3-hour show with commercials,evilash22.tripod.com
HBB-1990-202,1990-07-21,189,1990-1991,Classic MTV,Riki Rachtman,Faith No More,On the Road,On the Road with Faith No More,thetvdb.com
HBB-1990-209,1990-07-28,190,1990-1991,Classic MTV,Riki Rachtman,"LA Guns, London Quireboys, Flotsam & Jetsam",,,keirsdvds.blogspot.com
HBB-1990-216,1990-08-04,191,1990-1991,Classic MTV,Bruce Dickinson,,,Bruce Dickinson of Iron Maiden hosted,thetvdb.com
HBB-1990-223,1990-08-11,192,1990-1991,Classic MTV,"Dave Mustaine, David Ellefson",,,Dave Mustaine & David Ellefson of Megadeth hosted,thetvdb.com
HBB-1990-230,1990-08-18,193,1990-1991,Classic MTV,Riki Rachtman,Anthrax,,Anthrax with Megaforce office road reports,thetvdb.com
HBB-1990-237,1990-08-25,194,1990-1991,Classic MTV,Riki Rachtman,Vixen,Rock Blocks,Vixen Album Party Rock Blocks Edition,thetvdb.com
HBB-1990-242,1990-08-30,195,1990-1991,Classic MTV,Riki Rachtman,,Poison Festival Of Flesh Contest,2 hours,keirsdvds.blogspot.com
HBB-1990-243,1990-08-31,196,1990-1991,Classic MTV,Riki Rachtman,Poison,,Poison Festival of the Flesh Contest,thetvdb.com
HBB-1990-251,1990-09-08,197,1990-1991,Classic MTV,Riki Rachtman,Poison,,Poison Festival of the Flesh At Castle Donnington Part II,thetvdb.com
HBB-1990-258,1990-09-15,198,1990-1991,Classic MTV,Riki Rachtman,"Ratt, Stryper, Doro Pesch",,"Ratt, Stryper & Doro Pesch featured",thetvdb.com
HBB-1990-265,1990-09-22,199,1990-1991,Classic MTV,Riki Rachtman,,Concrete Foundations Forum,,keirsdvds.blogspot.com
HBB-1990-272,1990-09-29,200,1990-1991,Classic MTV,Riki Rachtman,"Michael Wilton, Chris DeGarmo (Queensryche)",,Michael Wilton & Chris DeGarmo of Queensryche,thetvdb.com
HBB-1990-279,1990-10-06,201,1990-1991,Classic MTV,Living Colour,,,Living Colour hosted,thetvdb.com
HBB-1990-286,1990-10-13,202,1990-1991,Classic MTV,Riki Rachtman,,,,keirsdvds.blogspot.com
HBB-1990-293,1990-10-20,203,1990-1991,Classic MTV,Riki Rachtman,The Scorpions,,The Scorpions featured,thetvdb.com
HBB-1990-300,1990-10-27,204,1990-1991,Classic MTV,Riki Rachtman,Cinderella,Shocktober Edition,360:47 with bonus videos,keirsdvds.blogspot.com
HBB-1990-307,1990-11-03,205,1990-1991,Classic MTV,Riki Rachtman,Cinderella,Heartbreak Station in New Orleans,200:56,keirsdvds.blogspot.com
HBB-1990-186,1990-11-10,206,1990-1991,Classic MTV,Riki Rachtman,Angus Young & Brian Johnson (AC/DC),,Tribute-style showcase featuring AC/DC members,episodehive.com
HBB-1990-314,1990-11-10,207,1990-1991,Classic MTV,AC/DC,,Rock Blocks Edition,,keirsdvds.blogspot.com
HBB-1990-321,1990-11-17,208,1990-1991,Classic MTV,Winger,,,Winger hosted,thetvdb.com
HBB-1990-335,1990-12-01,209,1990-1991,Classic MTV,Riki Rachtman,"Slayer, Extreme",,3 hours,keirsdvds.blogspot.com
HBB-1990-342,1990-12-08,210,1990-1991,Classic MTV,Riki Rachtman,Suicidal Tendencies,On the Road,Road Report From Suicidal Tendencies,thetvdb.com
HBB-1990-349,1990-12-15,211,1990-1991,Classic MTV,Riki Rachtman,Testament,,3 hours,keirsdvds.blogspot.com
HBB-1990-350,1990-12-16,212,1990-1991,Classic MTV,Riki Rachtman,Jani Lane,,"Monsters Of Rock Sunday, RIP Magazine 4th Anniversary Party & Year End Top 20 Metal Countdown With Jani Lane",thetvdb.com
HBB-1990-356,1990-12-22,213,1990-1991,Classic MTV,Riki Rachtman,"Vince Neil, Tommy Lee",Decade of Metal Countdown,Decade of Metal Countdown With Vince Neil & Tommy Lee,thetvdb.com
HBB-1990-363,1990-12-29,214,1990-1991,Classic MTV,Riki Rachtman,Slaughter,New Years,156:13,keirsdvds.blogspot.com
HBB-1991-005,1991-01-05,215,1990-1991,Classic MTV,Trixter,,,Trixter hosted,thetvdb.com
HBB-1991-012,1991-01-12,216,1990-1991,Classic MTV,"Riki Rachtman, Jani Lane",,Top 20 Year End Countdown,Riki Rachtman & Jani Lane Host Top 20 Year End Countdown,thetvdb.com
HBB-1991-019,1991-01-19,217,1990-1991,Classic MTV,Iron Maiden,,On the Road,,keirsdvds.blogspot.com
HBB-1991-026,1991-01-26,218,1990-1991,Classic MTV,Riki Rachtman,Anthrax,On The Road,"2.5 hour show, no commercials",evilash22.tripod.com
HBB-1991-033,1991-02-02,219,1990-1991,Classic MTV,Riki Rachtman,,Grammies Edition,,keirsdvds.blogspot.com
HBB-1991-040,1991-02-09,220,1990-1991,Classic MTV,Riki Rachtman,,Headbanger's Rio (part 1),181:50; Rating: A-,keirsdvds.blogspot.com
HBB-1991-047,1991-02-16,221,1990-1991,Classic MTV,Riki Rachtman,,Headbanger's Rio (part 2),90 minutes; Incomplete,keirsdvds.blogspot.com
HBB-1991-054,1991-02-23,222,1990-1991,Classic MTV,Riki Rachtman,,Metal Blox,Metal Blox Edition,thetvdb.com
HBB-1991-061,1991-03-02,223,1990-1991,Classic MTV,Riki Rachtman,"Alice In Chains, Lynch Mob",,"KNAC 5th Anniversary Benefit Show With Alice In Chains, Lynch Mob & Others",thetvdb.com
HBB-1991-068,1991-03-09,224,1990-1991,Classic MTV,Riki Rachtman,The Throbs,,The Throbs featured,thetvdb.com
HBB-1991-075,1991-03-16,225,1990-1991,Classic MTV,Cinderella,,,Cinderella hosted,thetvdb.com
HBB-1991-082,1991-03-23,226,1990-1991,Classic MTV,The Bulletboys,,,The Bulletboys hosted,thetvdb.com
HBB-1991-089,1991-03-30,227,1990-1991,Classic MTV,Riki Rachtman,,Metal Blox,Metal Blox Edition,thetvdb.com
HBB-1991-096,1991-04-06,228,1991-1992,Classic MTV,Riki Rachtman,Contraband,,201:02; Rating: B,keirsdvds.blogspot.com
HBB-1991-103,1991-04-13,229,1990-1991,Classic MTV,Riki Rachtman,"Pantera, Alice In Chains",,Pantera & Alice In Chains featured,thetvdb.com
HBB-1991-211,1991-04-20,230,1990-1991,Classic MTV,Riki Rachtman,,,Part of consecutive episode run,episodehive.com
HBB-1991-16,1991-04-20,231,1990-1991,Classic MTV,Riki Rachtman,White Lion & Mind Funk,,Featured White Lion and Mind Funk,web search results
HBB-1991-110,1991-04-20,232,1990-1991,Classic MTV,Riki Rachtman,"White Lion, Mind Funk",,White Lion & Mind Funk,thetvdb.com
HBB-1991-212,1991-04-27,233,1990-1991,Classic MTV,Riki Rachtman,,,Part of consecutive episode run,episodehive.com
HBB-1991-117,1991-04-27,234,1990-1991,Classic MTV,Riki Rachtman,"Mr. Big, Kreator",,Mr. Big & Kreator,thetvdb.com
HBB-1991-213,1991-05-04,235,1990-1991,Classic MTV,Riki Rachtman,,,Part of consecutive episode run,episodehive.com
HBB-1991-121,1991-05-04,236,1990-1991,Classic MTV,Riki Rachtman,Lemmy Kilmister (Motorhead),,Featured Lemmy Kilmister of Motorhead,web search results
HBB-1991-124,1991-05-04,237,1991-1992,Classic MTV,Lemmy Kilmister,,,Lemmy Kilmister of Motorhead hosted,thetvdb.com
HBB-1991-214,1991-05-11,238,1990-1991,Classic MTV,Riki Rachtman,,,Part of consecutive episode run,episodehive.com
HBB-1991-131,1991-05-11,239,1991-1992,Classic MTV,,"Primus, Katmandu",,130 minutes; Missing first 50 minutes,keirsdvds.blogspot.com
HBB-1991-215,1991-05-18,240,1990-1991,Classic MTV,Riki Rachtman,,,Part of consecutive episode run,episodehive.com
HBB-1991-138,1991-05-18,241,1991-1992,Classic MTV,Riki Rachtman,,Mission Megadeth part 1,2 hours,keirsdvds.blogspot.com
HBB-1991-216,1991-05-25,242,1990-1991,Classic MTV,Riki Rachtman,,,Part of consecutive episode run,episodehive.com
HBB-1991-145,1991-05-25,243,1991-1992,Classic MTV,Riki Rachtman,Megadeth,Rock Blocks,Mission Megadeth At the Cat House Part 2 Rock Blocks Edition,thetvdb.com
HBB-1991-217,1991-06-01,244,1990-1991,Classic MTV,Riki Rachtman,,,Part of consecutive episode run,episodehive.com
HBB-1991-152,1991-06-01,245,1991-1992,Classic MTV,Riki Rachtman,"Tyketto, Wrathchild America",,110 minutes; Partial,keirsdvds.blogspot.com
HBB-1991-159,1991-06-08,246,1991-1992,Classic MTV,Riki Rachtman,"Cycle Sluts From Hell, Junkyard",,Cycle Sluts From Hell & Junkyard Album Release Party,thetvdb.com
HBB-1991-164,1991-06-13,247,1991-1992,Classic MTV,Riki Rachtman,"Saigon Kick, Tora Tora",,Full show,evilash22.tripod.com
HBB-1991-166,1991-06-15,248,1991-1992,Classic MTV,Riki Rachtman,"Kik Tracee, Dangerous Toys",,Full show,evilash22.tripod.com
HBB-1991-173,1991-06-22,249,1991-1992,Classic MTV,Riki Rachtman,"Armored Saint, Suicidal Tendencies",,Armored Saint & Suicidal Tendencies,thetvdb.com
HBB-1991-180,1991-06-29,250,1991-1992,Classic MTV,Scorpions,,,,keirsdvds.blogspot.com
HBB-1991-187,1991-07-06,251,1991-1992,Classic MTV,Riki Rachtman,Slayer,On the Road,On the Road With Slayer In New York,thetvdb.com
HBB-1991-194,1991-07-13,252,1991-1992,Classic MTV,Riki Rachtman,"Megadeth, Slayer, Anthrax, Chuck D., Alice In Chains",Clash of the Titans,"Clash of the Titans With Megadeth, Slayer, Anthrax, Chuck D., & Alice In Chains",thetvdb.com
HBB-1991-201,1991-07-20,253,1991-1992,Classic MTV,Riki Rachtman,,On the Road: Operation Rock n Roll,165 minutes,keirsdvds.blogspot.com
HBB-1991-208,1991-07-27,254,1991-1992,Classic MTV,Riki Rachtman,,,Full show,evilash22.tripod.com
HBB-1991-222,1991-08-10,255,1991-1992,Classic MTV,L.A. Guns,,,L.A. Guns hosted,thetvdb.com
HBB-1991-229,1991-08-24,256,1990-1991,Classic MTV,Riki Rachtman,,,Featured Warrior Soul & White Trash,episodehive.com
HBB-1991-236,1991-08-24,257,1991-1992,Classic MTV,Riki Rachtman,"Bang Tango, Liquid Jesus",,Bang Tango & Liquid Jesus,thetvdb.com
HBB-1991-250,1991-09-07,258,1991-1992,Classic MTV,Riki Rachtman,Queensryche,Invading the Empire,Invading the Empire With Queensryche In London Part 1,thetvdb.com
HBB-1991-257,1991-09-14,259,1991-1992,Classic MTV,Riki Rachtman,,Monsters Of Rock,Invading the Empire At Monsters Of Rock Part 2,thetvdb.com
HBB-1991-233,1991-09-21,260,1990-1991,Classic MTV,Riki Rachtman,,,Included Four Horsemen performance,episodehive.com
HBB-1991-271,1991-09-28,261,1991-1992,Classic MTV,Riki Rachtman,Pearl Jam,,Pearl Jam featured,thetvdb.com
HBB-1991-278,1991-10-05,262,1991-1992,Classic MTV,Riki Rachtman,"XYZ, The Cult",,XYZ & The Cult,thetvdb.com
HBB-1991-285,1991-10-12,263,1991-1992,Classic MTV,Riki Rachtman,Lita Ford,,,keirsdvds.blogspot.com
HBB-1991-292,1991-10-19,264,1991-1992,Classic MTV,Riki Rachtman,,Foundations Forum '91,153 minutes,keirsdvds.blogspot.com
HBB-1991-299,1991-10-26,265,1991-1992,Classic MTV,Nikki Sixx & Vince Neil (Motley Crue),,,2.5 hours; 2 DVDs,keirsdvds.blogspot.com
HBB-1991-306,1991-11-02,266,1991-1992,Classic MTV,Riki Rachtman,Nirvana & Sepultura,,Historic episode featuring Nirvana and Sepultura,trakt.tv; imdb.com
HBB-1991-313,1991-11-09,267,1991-1992,Classic MTV,Riki Rachtman,"Ugly Kid Joe, Law & Order, Infectious Grooves",,"Ugly Kid Joe, Law & Order, & Infectious Grooves",thetvdb.com
HBB-1991-320,1991-11-16,268,1991-1992,Classic MTV,Riki Rachtman,Fates Warning,,Fates Warning featured,thetvdb.com
HBB-1991-326,1991-11-22,269,1991-1992,Classic MTV,Riki Rachtman,Ozzy & Jack Osbourne,Rock Blocks,3 hours,keirsdvds.blogspot.com
HBB-1991-242,1991-11-23,270,1991-1992,Classic MTV,Riki Rachtman,Ozzy Osbourne & band members,,Featured Ozzy Osbourne and band,episodehive.com
HBB-1991-327,1991-11-23,271,1991-1992,Classic MTV,Riki Rachtman,Ozzy & Jack Osbourne,Rock Blocks Edition,"Featured Ozzy Osbourne, Guns N' Roses, Queensryche, Metallica, Skid Row, Warrior Soul, Motley Crue, Slayer, Infectious Grooves, Suicidal Tendencies",archive.org; web search
HBB-1991-243,1991-11-30,272,1991-1992,Classic MTV,Riki Rachtman,Ozzy Osbourne & band members,,Featured Ozzy Osbourne and band,episodehive.com
HBB-1991-334,1991-11-30,273,1991-1992,Classic MTV,Riki Rachtman,"Prong, Soundgarden, Corrosion Of Conformity",,"Prong, Soundgarden, Corrosion Of Conformity",thetvdb.com
HBB-1991-341,1991-12-07,274,1991-1992,Classic MTV,,,Cathouse 5th Anniversary,3 hours,keirsdvds.blogspot.com
HBB-1991-245,1991-12-14,275,1991-1992,Classic MTV,Riki Rachtman,,Aerosmith Tribute Show,Special tribute episode,episodehive.com
HBB-1991-348,1991-12-14,276,1991-1992,Classic MTV,Riki Rachtman,,Aerosmith Tribute Show,"Tribute featuring Aerosmith videos including ""Dude Looks Like A Lady"", ""Jamie's Got A Gun""; interviews with Steven Tyler, Tom Hamilton, Joey Kramer",web search; archive.org
HBB-1991-355,1991-12-21,277,1991-1992,Classic MTV,Riki Rachtman,,Best Of '91 from his apartment,231:20; Rating: A-,keirsdvds.blogspot.com
HBB-1991-362,1991-12-28,278,1991-1992,Classic MTV,Riki Rachtman,,Rock In Rio,Encore of Rock In Rio Pt. 1 & 2,thetvdb.com
HBB-1992-247,1992-01-04,279,1991-1992,Classic MTV,Unknown,,New Year Celebration,Featured Slayer,episodehive.com
HBB-1992-004,1992-01-04,280,1991-1992,Classic MTV,Riki Rachtman,Slayer,Bang in the New Year,2 hours; Incomplete,keirsdvds.blogspot.com
HBB-1992-011,1992-01-11,281,1991-1992,Classic MTV,Riki Rachtman,,Best Of 91,Best Of 91,thetvdb.com
HBB-1992-025,1992-01-25,282,1991-1992,Classic MTV,Riki Rachtman,Primus,Metal Blocks,Primus At the Cat House Metal Blocks Edition,thetvdb.com
HBB-1992-032,1992-02-01,283,1991-1992,Classic MTV,Riki Rachtman,"Ozzy Osbourne, Prong",On the Road,On the Road With Ozzy Osbourne & Prong,thetvdb.com
HBB-1992-039,1992-02-08,284,1991-1992,Classic MTV,Riki Rachtman,"Scatterbrain, Ugly Kid Joe",,Scatterbrain & Ugly Kid Joe At the Scrap Bar,thetvdb.com
HBB-1992-254,1992-02-15,285,1991-1992,Classic MTV,Riki Rachtman,,,Featured Asphalt Ballet & War Babies,episodehive.com
HBB-1992-046,1992-02-15,286,1991-1992,Classic MTV,Riki Rachtman,"Asphalt Ballet, War Babies",,At the Bordello,archive.org; episodehive.com
HBB-1992-053,1992-02-22,287,1991-1992,Classic MTV,,"Queensryche, Anthrax",Grammy Edition on Married...Children set,3 hours; Rating: A,keirsdvds.blogspot.com
HBB-1992-060,1992-02-29,288,1991-1992,Classic MTV,Riki Rachtman,L.A. Guns,,L.A. Guns featured,thetvdb.com
HBB-1992-067,1992-03-07,289,1991-1992,Classic MTV,Riki Rachtman,"My Sister's Machine, Overkill",Countdown To The Ball,My Sister's Machine & Overkill (New Set & Countdown To The Ball),thetvdb.com
HBB-1992-074,1992-03-14,290,1991-1992,Classic MTV,Riki Rachtman,"Skid Row, Pantera",On the Road,On the Road With Skid Row & Pantera Part 2,thetvdb.com
HBB-1992-081,1992-03-21,291,1991-1992,Classic MTV,Riki Rachtman,,"Spring Break '92 @ Daytona, FL","202:50; Rating: D, poor sound",keirsdvds.blogspot.com
HBB-1992-088,1992-03-28,292,1991-1992,Classic MTV,Spinal Tap,,,Spinal Tap hosted,thetvdb.com
HBB-1992-095,1992-04-04,293,1991-1992,Classic MTV,Riki Rachtman,"Roxy Blue, Motorpsycho",,Roxy Blue & Motorpsycho,thetvdb.com
HBB-1992-102,1992-04-11,294,1991-1992,Classic MTV,Riki Rachtman,"Blackie Lawless, Vanessa Warwick",,Iron Maiden Release Party With Blackie Lawless & Vanessa Warwick,thetvdb.com
HBB-1992-109,1992-04-18,295,1991-1992,Classic MTV,Riki Rachtman,Slaughter,,Slaughter featured,thetvdb.com
HBB-1992-116,1992-04-25,296,1991-1992,Classic MTV,Riki Rachtman,"Slik Toxik, White Zombie, King's X, Corrosion of Conformity",,"Slik Toxik, White Zombie, King's X, & Corrosion of Conformity",thetvdb.com
HBB-1992-123,1992-05-02,297,1992-1993,Classic MTV,Riki Rachtman,Megadeth,,at Capital Records Studios; 3 hours,keirsdvds.blogspot.com
HBB-1992-130,1992-05-09,298,1992-1993,Classic MTV,Riki Rachtman,Kiss,Live at the Troubador,185:25; Rating: A-,keirsdvds.blogspot.com
HBB-1992-132,1992-05-12,299,1992-1993,Classic MTV,Riki Rachtman,Megadeth,,Repeat of Megadeth Show,thetvdb.com
HBB-1992-137,1992-05-16,300,1991-1992,Classic MTV,Riki Rachtman,Alice In Chains,At the Mansion,"Special episode from The Mansion featuring Alice In Chains. Top 10 included Slaughter, Def Leppard, Pearl Jam, Ozzy, Kings X, Nirvana, Body Count, Kiss, Soundgarden, Vince Neil",archive.org
HBB-1992-144,1992-05-23,301,1992-1993,Classic MTV,Riki Rachtman,"Testament, Shotgun Messiah",,Testament & Shotgun Messiah,thetvdb.com
HBB-1992-151,1992-05-30,302,1992-1993,Classic MTV,Riki Rachtman,Prong,,Prong featured,thetvdb.com
HBB-1992-158,1992-06-06,303,1992-1993,Classic MTV,Riki Rachtman,,,No Guest,thetvdb.com
HBB-1992-165,1992-06-13,304,1992-1993,Classic MTV,Riki Rachtman,"Tora Tora, Saigon Kick, Suicidal Tendencies",,"Tora Tora, Saigon Kick & Suicidal Tendencies",thetvdb.com
HBB-1992-172,1992-06-20,305,1992-1993,Classic MTV,Riki Rachtman,"Lynch Mob, L7",,179:35,keirsdvds.blogspot.com
HBB-1992-179,1992-06-27,306,1992-1993,Classic MTV,Iron Maiden,,,Iron Maiden hosted,thetvdb.com
HBB-1992-186,1992-07-04,307,1992-1993,Classic MTV,Riki Rachtman,,Metal Blox,Metal Blox Edition,thetvdb.com
HBB-1992-193,1992-07-11,308,1992-1993,Classic MTV,Riki Rachtman,,,,thetvdb.com
HBB-1992-200,1992-07-18,309,1992-1993,Classic MTV,Faith No More,,,Faith No More hosted,thetvdb.com
HBB-1992-207,1992-07-25,310,1992-1993,Classic MTV,Ugly Kid Joe,,,Ugly Kid Joe hosted,thetvdb.com
HBB-1992-214,1992-08-01,311,1992-1993,Classic MTV,Kiss,,,Kiss hosted,thetvdb.com
HBB-1992-221,1992-08-08,312,1992-1993,Classic MTV,Riki Rachtman,"Joe Satriani, T-Ride",,Joe Satriani & T-Ride,thetvdb.com
HBB-1992-228,1992-08-15,313,1992-1993,Classic MTV,Riki Rachtman,"Danzig, Black Sabbath",,Danzig & Black Sabbath,thetvdb.com
HBB-1992-235,1992-08-22,314,1991-1992,Classic MTV,Riki Rachtman,GWAR & Ministry,,Featured GWAR and Ministry,archive.org; web search results
HBB-1992-242,1992-08-29,315,1992-1993,Classic MTV,Riki Rachtman,Alice In Chains,,Alice In Chains At Mansion,thetvdb.com
HBB-1992-249,1992-09-05,316,1992-1993,Classic MTV,Riki Rachtman,"Motorhead, Trouble",,2 hours,keirsdvds.blogspot.com
HBB-1992-256,1992-09-12,317,1992-1993,Classic MTV,Riki Rachtman,"White Zombie, Pantera",,White Zombie & Pantera,thetvdb.com
HBB-1992-263,1992-09-19,318,1992-1993,Classic MTV,Riki Rachtman,,,No Guest,thetvdb.com
HBB-1992-270,1992-09-26,319,1992-1993,Classic MTV,Riki Rachtman,Mike Muir (Suicidal Tendencies),,Mike Muir Of Suicidal Tendencies,thetvdb.com
HBB-1992-277,1992-10-03,320,1992-1993,Classic MTV,Riki Rachtman,,,,keirsdvds.blogspot.com
HBB-1992-284,1992-10-10,321,1992-1993,Classic MTV,Riki Rachtman,Danzig,"End Your Dirty Black Summer (Munich, Germany)","177:34; Rating: A-, complete with ads",keirsdvds.blogspot.com
HBB-1992-291,1992-10-17,322,1992-1993,Classic MTV,Riki Rachtman,AC/DC,,AC/DC,thetvdb.com
HBB-1992-298,1992-10-24,323,1992-1993,Classic MTV,Riki Rachtman,"Faster Pussycat, Bad4Good",,Faster Pussycat & Bad4Good,thetvdb.com
HBB-1992-305,1992-10-31,324,1992-1993,Classic MTV,Riki Rachtman,Ozzy Osbourne,No More Tours For Ozzy,180:05; Rating: B+,keirsdvds.blogspot.com
HBB-1992-312,1992-11-07,325,1992-1993,Classic MTV,Riki Rachtman,"Megadeth, Suicidal Tendencies",On the Road,2 hours; Incomplete,keirsdvds.blogspot.com
HBB-1992-319,1992-11-14,326,1992-1993,Classic MTV,Riki Rachtman,Alice In Chains,,Alice In Chains In New Orleans,thetvdb.com
HBB-1992-326,1992-11-21,327,1992-1993,Classic MTV,Riki Rachtman,Exodus,,Exodus featured,thetvdb.com
HBB-1992-333,1992-11-28,328,1992-1993,Classic MTV,Riki Rachtman,The Ramones,,The Ramones featured,thetvdb.com
HBB-1992-340,1992-12-05,329,1992-1993,Classic MTV,Riki Rachtman,Stone Temple Pilots,Countdown to the Ball,"Featured Stone Temple Pilots. Top 10 countdown included Guns N' Roses, Metallica, AC/DC, Ozzy, Alice in Chains, Megadeth, Nirvana, Saigon Kick, Extreme, Def Leppard",archive.org
HBB-1992-347,1992-12-12,330,1992-1993,Classic MTV,Riki Rachtman,"Brian Johnson (AC/DC), Bad Biscuit",,Brian Johnson of AC/DC & Bad Biscuit In New York,thetvdb.com
HBB-1992-299,1992-12-19,331,1992-1993,Classic MTV,Riki Rachtman,,Best of 1992,Year-end compilation episode,episodehive.com
HBB-1992-353,1992-12-19,332,1992-1993,Classic MTV,Riki Rachtman,,Best of 1992,Best of 1992,thetvdb.com
HBB-1992-300,1992-12-26,333,1992-1993,Classic MTV,Riki Rachtman,,Holiday Special,300th episode milestone and holiday special,episodehive.com
HBB-1992-361,1992-12-26,334,1992-1993,Classic MTV,Riki Rachtman,"Sepultura, Helmet",Holiday Special,Holiday Special at the Scrap Bar in NY with Sepultura & Helmet,archive.org; episodehive.com
HBB-1992-362,1992-12-27,335,1992-1993,Classic MTV,Riki Rachtman,Dave Mustaine,Year-End Special,Special episode celebrating heavy music of 1992; Featured Dave Mustaine,archive.org
HBB-1993-016,1993-01-16,336,1992-1993,Classic MTV,Riki Rachtman,Kyuss,,,thetvdb.com
HBB-1993-023,1993-01-23,337,1992-1993,Classic MTV,Riki Rachtman,Dee Snider,Inaugural Ball,174:17; Quality: C,keirsdvds.blogspot.com
HBB-1993-024,1993-01-24,338,1992-1993,Classic MTV,Riki Rachtman,Dave Mustaine,,From Washington D.C. with Dave Mustaine,thetvdb.com
HBB-1993-030,1993-01-30,339,1992-1993,Classic MTV,Riki Rachtman,Pro-Pain,,71:02,keirsdvds.blogspot.com
HBB-1993-307,1993-02-06,340,1992-1993,Classic MTV,Riki Rachtman,Al Jourgensen (Ministry),,Featured Ministry's Al Jourgensen,episodehive.com
HBB-1993-037,1993-02-06,341,1992-1993,Classic MTV,Riki Rachtman,Al Jourgensen,,Taped interview with Al Jourgensen,thetvdb.com
HBB-1993-044,1993-02-13,342,1992-1993,Classic MTV,Riki Rachtman,,Music Award Nominations,2 hours,keirsdvds.blogspot.com
HBB-1993-051,1993-02-20,343,1992-1993,Classic MTV,Riki Rachtman,Ministry,,INCOMPLETE,keirsdvds.blogspot.com
HBB-1993-058,1993-02-27,344,1992-1993,Classic MTV,Riki Rachtman,"Gruntruck, Rob Zombie",,Gruntruck featured; Rob Zombie paints the set,thetvdb.com
HBB-1993-065,1993-03-06,345,1992-1993,Classic MTV,Riki Rachtman,Flotsam & Jetsam,,2 hours,keirsdvds.blogspot.com
HBB-1993-072,1993-03-13,346,1992-1993,Classic MTV,Riki Rachtman,Infectious Grooves,,,thetvdb.com
HBB-1993-079,1993-03-20,347,1992-1993,Classic MTV,Riki Rachtman,,"Spring Break '93 @ Daytona, FL",121:48,keirsdvds.blogspot.com
HBB-1993-086,1993-03-27,348,1993-1994,Classic MTV,Riki Rachtman,"Dream Theater, Green Jello",,,thetvdb.com
HBB-1993-093,1993-04-03,349,1993-1994,Classic MTV,Riki Rachtman,"Jackyl, Circus of Power",,,thetvdb.com
HBB-1993-100,1993-04-10,350,1993-1994,Classic MTV,Riki Rachtman,"Animal Bag, Ugly Kid Joe, Collision, Anthrax",,120:32,keirsdvds.blogspot.com
HBB-1993-107,1993-04-17,351,1993-1994,Classic MTV,Riki Rachtman,Anthrax,,,thetvdb.com
HBB-1993-114,1993-04-24,352,1993-1994,Classic MTV,Riki Rachtman,"Living Colour, Sacred Reich",,,thetvdb.com
HBB-1993-121,1993-05-01,353,1993-1994,Classic MTV,Riki Rachtman,"Testament, Overkill, Rob Zombie",,,thetvdb.com
HBB-1993-128,1993-05-08,354,1993-1994,Classic MTV,Riki Rachtman,"Nuclear Assault, Quicksand, Rob Zombie",,,thetvdb.com
HBB-1993-129,1993-05-09,355,1993-1994,Classic MTV,Riki Rachtman,"Nuclear Assault, Quicksand",,2 hours,keirsdvds.blogspot.com
HBB-1993-135,1993-05-15,356,1993-1994,Classic MTV,,Suicidal Tendencies,,Quality: A-,keirsdvds.blogspot.com
HBB-1993-142,1993-05-22,357,1993-1994,Classic MTV,Riki Rachtman,Anthrax,Trail of Noise - West Coast Part 1,Trail of Noise with Anthrax West Coast Part 1,thetvdb.com
HBB-1993-149,1993-05-29,358,1993-1994,Classic MTV,Riki Rachtman,Anthrax,Trail of Noise - East Coast Part 2,Trail of Noise with Anthrax East Coast Part 2,thetvdb.com
HBB-1993-156,1993-06-05,359,1993-1994,Classic MTV,Riki Rachtman,"Gene Simmons, Paul Stanley (Kiss)",,With Gene Simmons and Paul Stanley of Kiss,thetvdb.com
HBB-1993-163,1993-06-12,360,1993-1994,Classic MTV,Riki Rachtman,Butthole Surfers,Birthday Show,Riki Rachtman's Birth Day Show with Butthole Surfers,thetvdb.com
HBB-1993-170,1993-06-19,361,1993-1994,Classic MTV,Riki Rachtman,Paw,,,thetvdb.com
HBB-1993-177,1993-06-26,362,1993-1994,Classic MTV,Riki Rachtman,Raging Slab,,,thetvdb.com
HBB-1993-184,1993-07-03,363,1993-1994,Classic MTV,Riki Rachtman,,,,thetvdb.com
HBB-1993-191,1993-07-10,364,1993-1994,Classic MTV,Riki Rachtman,"Blind Melon, Monster Magnet",,,thetvdb.com
HBB-1993-198,1993-07-17,365,1993-1994,Classic MTV,Riki Rachtman,"Vince Neil, Galactic Cowboys",,,thetvdb.com
HBB-1993-205,1993-07-24,366,1993-1994,Classic MTV,Riki Rachtman,,Lollapalooza '93,Host At Lollapalooza '93,thetvdb.com
HBB-1993-213,1993-07-31,367,1992-1993,Classic MTV,Riki Rachtman,Alice in Chains,On the Road,"On location at Action Park, NJ with Alice in Chains",archive.org
HBB-1993-212,1993-07-31,368,1993-1994,Classic MTV,,Alice in Chains,,Alice in Chains at Action Park,keirsdvds.blogspot.com
HBB-1993-219,1993-08-07,369,1992-1993,Classic MTV,Riki Rachtman,King Diamond,Ozzy Osbourne Live & Loud,Featured Ozzy Osbourne Live & Loud with guest King Diamond,archive.org
HBB-1993-226,1993-08-14,370,1993-1994,Classic MTV,Riki Rachtman,"Anthrax, White Zombie, Quicksand",On the Road,"On the Road in NY with Anthrax, White Zombie, and Quicksand",thetvdb.com
HBB-1993-233,1993-08-21,371,1993-1994,Classic MTV,Riki Rachtman,Biohazard,,,thetvdb.com
HBB-1993-240,1993-08-28,372,1993-1994,Classic MTV,Riki Rachtman,"Steve Vai, Devin Townsend",,,thetvdb.com
HBB-1993-247,1993-09-04,373,1993-1994,Classic MTV,Riki Rachtman,,Metal Blocks,Metal Blocks Edition,thetvdb.com
HBB-1993-254,1993-09-11,374,1993-1994,Classic MTV,Riki Rachtman,Morbid Angel,,120:32,keirsdvds.blogspot.com
HBB-1993-261,1993-09-18,375,1993-1994,Classic MTV,Riki Rachtman,,Foundations Forum,199:17,keirsdvds.blogspot.com
HBB-1993-268,1993-09-25,376,1993-1994,Classic MTV,Riki Rachtman,"Gary Hoey, Rob Halford, Slayer",Ball-B-Q Part 2,Riki Rachtman's Ball-B-Q Part 2,thetvdb.com
HBB-1993-275,1993-10-02,377,1993-1994,Classic MTV,Riki Rachtman,My Little Funhouse,,,thetvdb.com
HBB-1993-282,1993-10-09,378,1993-1994,Classic MTV,Riki Rachtman,Duff McKagan,,,thetvdb.com
HBB-1993-289,1993-10-16,379,1993-1994,Classic MTV,Riki Rachtman,Cathedral,,120:32; Quality: B-,keirsdvds.blogspot.com
HBB-1993-296,1993-10-23,380,1993-1994,Classic MTV,Riki Rachtman,I Mother Earth,,,thetvdb.com
HBB-1993-303,1993-10-30,381,1993-1994,Classic MTV,Riki Rachtman,"Motorhead, Glenn Danzig",Halloween Edition,No commercials,keirsdvds.blogspot.com
HBB-1993-310,1993-11-06,382,1993-1994,Classic MTV,Riki Rachtman,My Sister's Machine,,,thetvdb.com
HBB-1993-317,1993-11-13,383,1993-1994,Classic MTV,Riki Rachtman,Skid Row,,INCOMPLETE,keirsdvds.blogspot.com
HBB-1993-324,1993-11-20,384,1993-1994,Classic MTV,Riki Rachtman,The Melvins,,,thetvdb.com
HBB-1993-331,1993-11-27,385,1993-1994,Classic MTV,Riki Rachtman,"Fight, Fudge Tunnel",,,keirsdvds.blogspot.com
HBB-1993-338,1993-12-04,386,1993-1994,Classic MTV,Riki Rachtman,,,,thetvdb.com
HBB-1993-345,1993-12-11,387,1993-1994,Classic MTV,Riki Rachtman,Lars Ulrich (Metallica),,With Lars Ulrich of Metallica,thetvdb.com
HBB-1993-352,1993-12-18,388,1993-1994,Classic MTV,Riki Rachtman,Metallica,"Sh*t, Binge & Purge Special","Metallica Live; Sh*t, Binge & Purge Special",thetvdb.com
HBB-1993-359,1993-12-25,389,1993-1994,Classic MTV,Riki Rachtman,Sepultura,Christmas Show,2 Hour Show with all interviews and videos; No commercials,evilash22.tripod.com
HBB-1994-000,1994-01-01,390,1993-1994,Classic MTV,Riki Rachtman,,Headbangers Bar-B-Q Japan,Special episode filmed in Japan,archive.org
HBB-1994-001,1994-01-01,391,1993-1994,Classic MTV,Riki Rachtman,,Best of 1993,Best of 1993,thetvdb.com
HBB-1994-008,1994-01-08,392,1993-1994,Classic MTV,Riki Rachtman,,,,thetvdb.com
HBB-1994-015,1994-01-15,393,1993-1994,Classic MTV,Riki Rachtman,Anthrax,Trail of Noise,Trail of Noise with Anthrax,thetvdb.com
HBB-1994-022,1994-01-22,394,1993-1994,Classic MTV,Riki Rachtman,Anthrax,Trail Of Noise Show,Full 2 Hour Show with all commercials,evilash22.tripod.com
HBB-1994-029,1994-01-29,395,1993-1994,Classic MTV,Riki Rachtman,Bad Religion,,,thetvdb.com
HBB-1994-036,1994-02-05,396,1993-1994,Classic MTV,,,,NHL All-Star Game (pre-empted),thetvdb.com
HBB-1994-043,1994-02-12,397,1993-1994,Classic MTV,Riki Rachtman,,,Riki Rachtman Hosts From Alcatraz,thetvdb.com
HBB-1994-050,1994-02-19,398,1993-1994,Classic MTV,Riki Rachtman,Metallica,,With Metallica in San Francisco,thetvdb.com
HBB-1994-057,1994-02-26,399,1993-1994,Classic MTV,Riki Rachtman,Pantera,,With studio reports from Pantera,thetvdb.com
HBB-1994-064,1994-03-05,400,1993-1994,Classic MTV,Riki Rachtman,Mutha's Day Out,,,thetvdb.com
HBB-1994-071,1994-03-12,401,1993-1994,Classic MTV,Riki Rachtman,Soundgarden,Bowling themed episode,Full 2 hour show with all commercials; Bad sound quality,evilash22.tripod.com
HBB-1994-078,1994-03-19,402,1993-1994,Classic MTV,,,Spring Break at San Diego Zoo,,keirsdvds.blogspot.com
HBB-1994-085,1994-03-26,403,1993-1994,Classic MTV,Riki Rachtman,Pantera,,"With Pantera in Dallas, Texas",thetvdb.com
HBB-1994-092,1994-04-02,404,1994-1995,Classic MTV,Riki Rachtman,,,,thetvdb.com
HBB-1994-099,1994-04-09,405,1994-1995,Classic MTV,,,,Pre-empted by MTV News coverage of Kurt Cobain's death,thetvdb.com
HBB-1994-106,1994-04-16,406,1994-1995,Classic MTV,Riki Rachtman,King's X,,,thetvdb.com
HBB-1994-113,1994-04-23,407,1994-1995,Classic MTV,Riki Rachtman,,Metal Blox,Metal Blox Edition,thetvdb.com
HBB-1994-120,1994-04-30,408,1994-1995,Classic MTV,Riki Rachtman,Zakk Wylde,,,thetvdb.com
HBB-1994-127,1994-05-07,409,1994-1995,Classic MTV,Riki Rachtman,,,,thetvdb.com
HBB-1994-134,1994-05-14,410,1994-1995,Classic MTV,Riki Rachtman,,HBB Japan w/ '93 BBQ Re-Broadcast,77 minutes,keirsdvds.blogspot.com
HBB-1994-141,1994-05-21,411,1994-1995,Classic MTV,Riki Rachtman,,,,thetvdb.com
HBB-1994-148,1994-05-28,412,1994-1995,Classic MTV,Riki Rachtman,,Memorial Day Weekend,Memorial Day Weekend with mostly Bar-B-Que '93 repeat clips,thetvdb.com
HBB-1994-155,1994-06-04,413,1994-1995,Classic MTV,Riki Rachtman,Anthrax,,,thetvdb.com
HBB-1994-162,1994-06-11,414,1994-1995,Classic MTV,Riki Rachtman,"GWAR, Infectious Grooves",,,thetvdb.com
HBB-1994-169,1994-06-18,415,1994-1995,Classic MTV,Riki Rachtman,Biohazard,,,thetvdb.com
HBB-1994-176,1994-06-25,416,1994-1995,Classic MTV,Riki Rachtman,Gene Simmons,,INCOMPLETE; 51 minutes,keirsdvds.blogspot.com
HBB-1994-183,1994-07-02,417,1994-1995,Classic MTV,Riki Rachtman,Soundgarden,,Full 2 hour show with all commercials & videos,evilash22.tripod.com
HBB-1994-190,1994-07-09,418,1994-1995,Classic MTV,Riki Rachtman,Alice Cooper,,,thetvdb.com
HBB-1994-197,1994-07-16,419,1994-1995,Classic MTV,Riki Rachtman,Motley Crue,,,thetvdb.com
HBB-1994-204,1994-07-23,420,1994-1995,Classic MTV,Riki Rachtman,"Stuttering John, Sugar Tooth",,,thetvdb.com
HBB-1994-211,1994-07-30,421,1994-1995,Classic MTV,Riki Rachtman,Bruce Dickinson,,,thetvdb.com
HBB-1994-218,1994-08-06,422,1994-1995,Classic MTV,Riki Rachtman,Ozzy Osbourne,,,thetvdb.com
HBB-1994-222,1994-08-09,423,1993-1994,Classic MTV,Riki Rachtman,,Movie Premier of Airheads,Special Tuesday Edition featuring the movie premiere of Airheads,archive.org
HBB-1994-221,1994-08-09,424,1994-1995,Classic MTV,Riki Rachtman,,Movie Premier Of Airheads,Special Tuesday Edition - Airheads movie premiere,archive.org
HBB-1994-225,1994-08-13,425,1994-1995,Classic MTV,Riki Rachtman,,Woodstock '94,Woodstock '94,thetvdb.com
HBB-1994-232,1994-08-20,426,1994-1995,Classic MTV,Riki Rachtman,,,Host From Alcatraz,thetvdb.com
HBB-1994-239,1994-08-27,427,1994-1995,Classic MTV,Riki Rachtman,House of Pain,,,thetvdb.com
HBB-1994-246,1994-09-03,428,1994-1995,Classic MTV,Riki Rachtman,,Video Music Awards Nominees,Video Music Awards Nominees,thetvdb.com
HBB-1994-253,1994-09-10,429,1994-1995,Classic MTV,Riki Rachtman,Metallica,,Metallica in San Francisco,thetvdb.com
HBB-1994-260,1994-09-17,430,1994-1995,Classic MTV,,,,Pre-empted by Beavis & Butthead Marathon,thetvdb.com
HBB-1994-267,1994-09-24,431,1994-1995,Classic MTV,Riki Rachtman,,Metal Blox,Metal Blox Edition,thetvdb.com
HBB-1994-274,1994-10-01,432,1994-1995,Classic MTV,Riki Rachtman,,,,thetvdb.com
HBB-1994-281,1994-10-08,433,1994-1995,Classic MTV,Riki Rachtman,Gilby Clarke,,,thetvdb.com
HBB-1994-288,1994-10-15,434,1994-1995,Classic MTV,Riki Rachtman,Queensryche,Promise Land Listening Party,Queensryche Promise Land Listening Party,thetvdb.com
HBB-1994-295,1994-10-22,435,1994-1995,Classic MTV,Riki Rachtman,Dream Theater,,,thetvdb.com
HBB-1994-302,1994-10-29,436,1994-1995,Classic MTV,Riki Rachtman,Slayer,Night of the Living Megadeth / Halloween Edition,2 hours; Also exists as 1 hour complete version,keirsdvds.blogspot.com
HBB-1994-309,1994-11-05,437,1994-1995,Classic MTV,Riki Rachtman,,,,thetvdb.com
HBB-1994-316,1994-11-12,438,1994-1995,Classic MTV,Riki Rachtman,Corrosion of Conformity,,,thetvdb.com
HBB-1994-323,1994-11-19,439,1994-1995,Classic MTV,Riki Rachtman,Type O Negative,,,thetvdb.com
HBB-1994-330,1994-11-26,440,1994-1995,Classic MTV,,,,Pre-empted by Beavis & Butthead,thetvdb.com
HBB-1994-337,1994-12-03,441,1994-1995,Classic MTV,Riki Rachtman,Rancid,,,thetvdb.com
HBB-1994-344,1994-12-10,442,1994-1995,Classic MTV,Riki Rachtman,Marilyn Manson,,At Woodstock '94 with Marilyn Manson,thetvdb.com
HBB-1994-351,1994-12-17,443,1994-1995,Classic MTV,Riki Rachtman,,Best of 1994,Best of 1994,thetvdb.com
HBB-1994-358,1994-12-24,444,1994-1995,Classic MTV,Riki Rachtman,,,,thetvdb.com
HBB-1994-365,1994-12-31,445,1994-1995,Classic MTV,Riki Rachtman,,,,thetvdb.com
HBB-1995-408,1995-01-15,446,1994-1995,Classic MTV,Unknown,,Best of Headbangers Ball,Final episode of classic MTV run; compilation of best moments,episodehive.com; thetvdb.com
HBB-1995-015,1995-01-15,447,1994-1995,Classic MTV,Riki Rachtman,,Best of Headbangers Ball - Final Episode,"FINAL EPISODE of classic MTV run! Retrospective featuring Guns N' Roses, Faith No More, Metallica ""One"", Pearl Jam, Nirvana interviews; Ended with Riki singing ""Stone Cold Crazy"" with Metallica",web search; thetvdb.com
HBB-2003-130,2003-05-10,448,MTV2 Revival,MTV2 Revival,Metallica,,Revival Debut Episode,First episode of MTV2 revival,keirsdvds.blogspot.com
HBB-2003-144,2003-05-24,449,MTV2 Revival,MTV2 Revival,Rob Zombie,Stone Sour,,87:22; Quality: A+,keirsdvds.blogspot.com
HBB-2003-151,2003-05-31,450,MTV2 Revival,MTV2 Revival,Rob Zombie,,,,keirsdvds.blogspot.com
HBB-2003-616,2003-06-16,451,Season 9,MTV2 Revival,Jamey Jasta,Riki Rachtman,MTV2 Reboot,MTV2 revival episode with special guest Riki Rachtman; Truncated hour-long repeat format,archive.org
HBB-2003-167,2003-06-16,452,MTV2 Revival,MTV2 Revival,Jamey Jasta,Riki Rachtman,,"Riki returns as guest; INCOMPLETE, missing first 15 minutes",keirsdvds.blogspot.com; archive.org
HBB-2003-S09E02,2003-11-08,453,Season 9,MTV2 Revival,Jamey Jasta,,,MTV2 revival era featuring Arch Enemy,episodehive.com
HBB-2009-234,2009-08-22,454,MTV2 Revival,MTV2 Revival,Rob Zombie,,Halloween II Special,41:12,keirsdvds.blogspot.com
HBB-2010-201,2010-07-20,455,MTV2 Revival,MTV2 Revival,Overkill,,,Mostly Overkill videos,keirsdvds.blogspot.com
